,U-val,tail,p-val,RBC,CLES
MWU,1822.0,less,0.0003557350876614226,0.3416440831074977,0.6708220415537489
