,U-val,tail,p-val,RBC,CLES
MWU,2074.0,less,0.01782167069272889,0.21573076195878238,0.6078653809793912
